{
    "r^2": 0.7024531505204494,
    "mse": 0.03341462842609976
}