{
    "r^2": 0.471637623552514,
    "mse": 0.02941264869338155
}