{
    "top_l_precision": 0.08536585365853659,
    "top_l/2_precision": 0.056074766355140186,
    "top_l/5_precision": 0.09803921568627451,
    "top_l/10_precision": 0.04
}