{
    "top_l_precision": 0.03220338983050847,
    "top_l/2_precision": 0.022099447513812154,
    "top_l/5_precision": 0.024390243902439025,
    "top_l/10_precision": 0.023529411764705882
}