{
    "r^2": 0.02896036610017518,
    "mse": 0.09250604166550752
}