{
    "r^2": 0.050077735966275065,
    "mse": 0.04823832589170868
}