{
    "r^2": 0.8074034835499281,
    "mse": 0.018915633418756427
}