{
    "r^2": 0.5722081531493989,
    "mse": 0.022409205444290002
}