{
    "r^2": 0.21868607917457425,
    "mse": 0.07707189773924081
}