{
    "r^2": 0.16705719131462912,
    "mse": 0.04433055475770234
}