{
    "top_l_precision": 0.07738095238095238,
    "top_l/2_precision": 0.10256410256410256,
    "top_l/5_precision": 0.13114754098360656,
    "top_l/10_precision": 0.1282051282051282
}