{
    "top_l_precision": 0.07230392156862746,
    "top_l/2_precision": 0.08024691358024691,
    "top_l/5_precision": 0.06583072100313479,
    "top_l/10_precision": 0.059880239520958084
}