{
    "top_l_precision": 0.6281179138321995,
    "top_l/2_precision": 0.6949152542372882,
    "top_l/5_precision": 0.7419354838709677,
    "top_l/10_precision": 0.7391304347826086
}