{
    "top_l_precision": 0.5342601787487586,
    "top_l/2_precision": 0.5510373443983403,
    "top_l/5_precision": 0.5494296577946768,
    "top_l/10_precision": 0.5518518518518518
}