{
    "r^2": 0.7391158091046026,
    "mse": 0.026394277210247955
}