{
    "r^2": 0.5583257858581454,
    "mse": 0.024779994220428824
}