{
    "top_l_precision": 0.7769784172661871,
    "top_l/2_precision": 0.7769784172661871,
    "top_l/5_precision": 0.8470588235294118,
    "top_l/10_precision": 0.9565217391304348
}