{
    "top_l_precision": 0.7678883071553229,
    "top_l/2_precision": 0.8023715415019763,
    "top_l/5_precision": 0.8348082595870207,
    "top_l/10_precision": 0.8078817733990148
}