{
    "r^2": 0.7016129312862878,
    "mse": 0.034454776095740026
}