{
    "r^2": 0.4590203647728575,
    "mse": 0.03082366886309379
}