{
    "top_l_precision": 0.42028985507246375,
    "top_l/2_precision": 0.4540540540540541,
    "top_l/5_precision": 0.5376344086021505,
    "top_l/10_precision": 0.6304347826086957
}