{
    "top_l_precision": 0.382183908045977,
    "top_l/2_precision": 0.4225352112676056,
    "top_l/5_precision": 0.4513888888888889,
    "top_l/10_precision": 0.5131578947368421
}