{
    "top_l_precision": 0.2608695652173913,
    "top_l/2_precision": 0.2608695652173913,
    "top_l/5_precision": 0.4,
    "top_l/10_precision": 0.4
}