{
    "top_l_precision": 0.5607675906183369,
    "top_l/2_precision": 0.7033898305084746,
    "top_l/5_precision": 0.8494623655913979,
    "top_l/10_precision": 0.8695652173913043
}