{
    "top_l_precision": 0.40598073998986317,
    "top_l/2_precision": 0.41413373860182373,
    "top_l/5_precision": 0.42286751361161523,
    "top_l/10_precision": 0.4185185185185185
}