{
    "top_l_precision": 0.7906976744186046,
    "top_l/2_precision": 0.8432203389830508,
    "top_l/5_precision": 0.8279569892473119,
    "top_l/10_precision": 0.8913043478260869
}