{
    "top_l_precision": 0.5467937608318891,
    "top_l/2_precision": 0.5783783783783784,
    "top_l/5_precision": 0.5843920145190563,
    "top_l/10_precision": 0.5851851851851851
}