{
    "r^2": 0.3708852662200913,
    "mse": 0.05911902581029102
}