{
    "r^2": 0.2371283305371063,
    "mse": 0.038264132849685474
}