{
    "r^2": 0.8232138465701542,
    "mse": 0.017345410965424506
}