{
    "r^2": 0.6325631089145921,
    "mse": 0.019360089070102445
}