{
    "r^2": 0.7552676288750569,
    "mse": 0.023627423375383445
}