{
    "r^2": 0.5467577729134846,
    "mse": 0.022986816487498677
}