{
    "top_l_precision": 0.6303630363036303,
    "top_l/2_precision": 0.6853448275862069,
    "top_l/5_precision": 0.8064516129032258,
    "top_l/10_precision": 0.782608695652174
}