{
    "top_l_precision": 0.4427131072410632,
    "top_l/2_precision": 0.5203045685279187,
    "top_l/5_precision": 0.5946745562130178,
    "top_l/10_precision": 0.6506024096385542
}