{
    "r^2": 0.6743797913880316,
    "mse": 0.03721264531034527
}