{
    "r^2": 0.45561415263019667,
    "mse": 0.03259860508244253
}