{
    "r^2": 0.8192647228508612,
    "mse": 0.017143448824921845
}