{
    "r^2": 0.6629691755684208,
    "mse": 0.01673945642142206
}