{
    "top_l_precision": 0.14600550964187328,
    "top_l/2_precision": 0.13526570048309178,
    "top_l/5_precision": 0.18181818181818182,
    "top_l/10_precision": 0.1956521739130435
}