{
    "top_l_precision": 0.04677846425419241,
    "top_l/2_precision": 0.04065040650406504,
    "top_l/5_precision": 0.03377110694183865,
    "top_l/10_precision": 0.025925925925925925
}