{
    "top_l_precision": 0.7610993657505285,
    "top_l/2_precision": 0.7796610169491526,
    "top_l/5_precision": 0.7634408602150538,
    "top_l/10_precision": 0.8478260869565217
}