{
    "top_l_precision": 0.4348998459167951,
    "top_l/2_precision": 0.45161290322580644,
    "top_l/5_precision": 0.44646098003629764,
    "top_l/10_precision": 0.43703703703703706
}