{
    "r^2": 0.27379908366451344,
    "mse": 0.07134962828607323
}