{
    "r^2": 0.19645369228948667,
    "mse": 0.04947327293519834
}