{
    "top_l_precision": 0.45454545454545453,
    "top_l/2_precision": 0.45454545454545453,
    "top_l/5_precision": 0.45454545454545453,
    "top_l/10_precision": 0.47368421052631576
}