{
    "top_l_precision": 0.27007299270072993,
    "top_l/2_precision": 0.2727272727272727,
    "top_l/5_precision": 0.39655172413793105,
    "top_l/10_precision": 0.45714285714285713
}