{
    "r^2": 0.6978245172002451,
    "mse": 0.02904761977736245
}