{
    "r^2": 0.5047583218787224,
    "mse": 0.02506922671608341
}