{
    "r^2": 0.7087073953230444,
    "mse": 0.02917727957047382
}