{
    "r^2": 0.5055414274574136,
    "mse": 0.024631701290182925
}